ARM_Sample,
AT91SAM9CN11,ARM926EJ-S
AT91SAM9CN12,ARM926EJ-S
AT91SAM9G10,ARM926EJ-S
AT91SAM9G15,ARM926EJ-S
AT91SAM9G20,ARM926EJ-S
AT91SAM9G25,ARM926EJ-S
AT91SAM9G35,ARM926EJ-S
AT91SAM9M10,ARM926EJ-S
AT91SAM9M11,ARM926EJ-S
AT91SAM9N12,ARM926EJ-S
AT91SAM9X25,ARM926EJ-S
AT91SAM9X35,ARM926EJ-S
ATSAMA5D31,A5
ATSAMA5D33,A5
ATSAMA5D34,A5
ATSAMA5D35,A5
e310x,
ht32f125x,M3
ht32f175x,M3
ht32f275x,M3
LPC11D14_svd_v4,M0
LPC13xx_svd_v1,M3
M051_Series,M0
M061,M0
M365,M3
M367,M3
M368,M3
M369,M3
M36B,M3
MB9AF10xN,M3
MB9AF10xR,M3
MB9AF11xK,M3
MB9AF11xL,M3
MB9AF11xM,M3
MB9AF11xN,M3
MB9AF12xK,M3
MB9AF12xL,M3
MB9AF13xK,M3
MB9AF13xL,M3
MB9AF13xM,M3
MB9AF13xN,M3
MB9AF14xL,M3
MB9AF14xM,M3
MB9AF14xN,M3
MB9AF15xM,M3
MB9AF15xN,M3
MB9AF15xR,M3
MB9AF1AxL,M3
MB9AF1AxM,M3
MB9AF1AxN,M3
MB9AF31xK,M3
MB9AF31xL,M3
MB9AF31xM,M3
MB9AF31xN,M3
MB9AF34xL,M3
MB9AF34xM,M3
MB9AF34xN,M3
MB9AF42xK,M3
MB9AF42xL,M3
MB9AFA3xL,M3
MB9AFA3xM,M3
MB9AFA3xN,M3
MB9AFA4xL,M3
MB9AFA4xM,M3
MB9AFA4xN,M3
MB9AFAAxL,M3
MB9AFAAxM,M3
MB9AFAAxN,M3
MB9AFB4xL,M3
MB9AFB4xM,M3
MB9AFB4xN,M3
MB9B160L,M4
MB9B160R,M4
MB9B360L,M4
MB9B360R,M4
MB9B460L,M4
MB9B460R,M4
MB9B560L,M4
MB9B560R,M4
MB9BF10xN,M3
MB9BF10xR,M3
MB9BF11xN,M3
MB9BF11xR,M3
MB9BF11xS,M3
MB9BF11xT,M3
MB9BF12xJ,M3
MB9BF12xK,M3
MB9BF12xL,M3
MB9BF12xM,M3
MB9BF12xS,M3
MB9BF12xT,M3
MB9BF16xx,M4
MB9BF21xS,M3
MB9BF21xT,M3
MB9BF30xN,M3
MB9BF30xR,M3
MB9BF31xN,M3
MB9BF31xR,M3
MB9BF31xS,M3
MB9BF31xT,M3
MB9BF32xK,M3
MB9BF32xL,M3
MB9BF32xM,M3
MB9BF32xS,M3
MB9BF32xT,M3
MB9BF36xx,M4
MB9BF40xN,M3
MB9BF40xR,M3
MB9BF41xN,M3
MB9BF41xR,M3
MB9BF41xS,M3
MB9BF41xT,M3
MB9BF42xS,M3
MB9BF42xT,M3
MB9BF46xx,M4
MB9BF50xN,M3
MB9BF50xR,M3
MB9BF51xN,M3
MB9BF51xR,M3
MB9BF51xS,M3
MB9BF51xT,M3
MB9BF52xK,M3
MB9BF52xL,M3
MB9BF52xM,M4
MB9BF52xS,M4
MB9BF52xT,M4
MB9BF56xx,M4
MB9BF61xS,M4
MB9BF61xT,M4
MB9BFD1xS,M3
MB9BFD1xT,M3
MK11D5WS,M4
MK21D5WS,M4
MK61F15WS,M4
MK70F15WS,M4
MKE14D7,M4
MKE15D7,M4
NUC100_Series,M0
S6E1A1,M0+
S6E2CC,M4
SIM3C1x4_SVD,M3
SIM3C1x6_SVD,M3
SIM3C1x7_SVD,M3
SIM3L1x4_SVD,M3
SIM3L1x6_SVD,M3
SIM3L1x7_SVD,M3
SIM3L1x8_SVD,M3
SIM3U1x4_SVD,M3
SIM3U1x6_SVD,M3
SIM3U1x7_SVD,M3
STM32F030,M0
STM32F031x,M0
STM32F042x,M0
STM32F072x,M0
STM32F091x,M0
STM32F0xx,M0
STM32F100xx,M3
STM32F101xx,M3
STM32F102xx,M3
STM32F103xx,M3
STM32F105xx,M3
STM32F107xx,M3
STM32F20x,M3
STM32F21x,M3
STM32F7x,M7
STM32G07x,M0+
STM32L100,M3
STM32L15xC,M3
STM32L15xxE,M3
STM32L15xxxA,M3
STM32L1xx,M3
STM32L552,M33
STM32L562,M33
STM32W108,M3
